{"cameraMode":{"drawMode":0,"name":"Shaded","section":"Shading Mode"},"sceneLighting":false,"audioPlay":false,"sceneViewState":{"m_AlwaysRefresh":false,"showFog":true,"showSkybox":false,"showFlares":true,"showImageEffects":true,"showParticleSystems":true,"showVisualEffectGraphs":true,"m_FxEnabled":true},"in2DMode":false,"pivot":{"x":18.876140594482423,"y":-0.21780909597873689,"z":167.1270294189453},"rotation":{"x":0.12862834334373475,"y":0.016991782933473588,"z":-0.002179110888391733,"w":0.9915823340415955},"size":2.135209560394287,"orthographic":false}