{"cameraMode":{"drawMode":0,"name":"Shaded","section":"Shading Mode"},"sceneLighting":false,"audioPlay":false,"sceneViewState":{"m_AlwaysRefresh":false,"showFog":true,"showSkybox":false,"showFlares":true,"showImageEffects":true,"showParticleSystems":true,"showVisualEffectGraphs":true,"m_FxEnabled":true},"in2DMode":false,"pivot":{"x":-1.600000023841858,"y":0.22397106885910035,"z":111.9000015258789},"rotation":{"x":0.12862834334373475,"y":0.016991782933473588,"z":-0.002179110888391733,"w":0.9915823340415955},"size":0.8660253882408142,"orthographic":false}