{"cameraMode":{"drawMode":0,"name":"Shaded","section":"Shading Mode"},"sceneLighting":false,"audioPlay":false,"sceneViewState":{"m_AlwaysRefresh":false,"showFog":true,"showSkybox":false,"showFlares":true,"showImageEffects":true,"showParticleSystems":true,"showVisualEffectGraphs":true,"m_FxEnabled":true},"in2DMode":false,"pivot":{"x":-0.0029196739196777345,"y":2.122960090637207,"z":-0.031908512115478519},"rotation":{"x":0.11798455566167832,"y":-0.6798844933509827,"z":0.11214300990104675,"w":0.7150620818138123},"size":2.5552685260772707,"orthographic":false}