{"cameraMode":{"drawMode":0,"name":"Shaded","section":"Shading Mode"},"sceneLighting":false,"audioPlay":false,"sceneViewState":{"m_AlwaysRefresh":false,"showFog":true,"showSkybox":false,"showFlares":true,"showImageEffects":true,"showParticleSystems":true,"showVisualEffectGraphs":true,"m_FxEnabled":true},"in2DMode":false,"pivot":{"x":-0.16765332221984864,"y":0.9777661561965942,"z":-0.1761716604232788},"rotation":{"x":-0.09225150942802429,"y":0.6755541563034058,"z":-0.08578556776046753,"w":-0.7264712452888489},"size":2.288156032562256,"orthographic":false}