{"cameraMode":{"drawMode":0,"name":"Shaded","section":"Shading Mode"},"sceneLighting":false,"audioPlay":false,"sceneViewState":{"m_AlwaysRefresh":false,"showFog":true,"showSkybox":false,"showFlares":true,"showImageEffects":true,"showParticleSystems":true,"showVisualEffectGraphs":true,"m_FxEnabled":true},"in2DMode":false,"pivot":{"x":-62.099998474121097,"y":5.550000190734863,"z":57.400001525878909},"rotation":{"x":0.08192450553178787,"y":-0.2571185827255249,"z":0.02188149094581604,"w":0.9626554846763611},"size":31.669370651245118,"orthographic":true}