{"cameraMode":{"drawMode":0,"name":"Shaded","section":"Shading Mode"},"sceneLighting":false,"audioPlay":false,"sceneViewState":{"m_AlwaysRefresh":false,"showFog":true,"showSkybox":false,"showFlares":true,"showImageEffects":true,"showParticleSystems":true,"showVisualEffectGraphs":true,"m_FxEnabled":true},"in2DMode":false,"pivot":{"x":22.360000610351564,"y":1.3025118112564088,"z":158.04446411132813},"rotation":{"x":0.0891270861029625,"y":0.5594315528869629,"z":-0.060628388077020648,"w":0.8218842148780823},"size":2.6990439891815187,"orthographic":false}