{"cameraMode":{"drawMode":0,"name":"Shaded","section":"Shading Mode"},"sceneLighting":true,"audioPlay":false,"sceneViewState":{"m_AlwaysRefresh":false,"showFog":true,"showSkybox":true,"showFlares":true,"showImageEffects":true,"showParticleSystems":true,"showVisualEffectGraphs":true,"m_FxEnabled":true},"in2DMode":false,"pivot":{"x":2.063650369644165,"y":1.5605766773223878,"z":-0.45747804641723635},"rotation":{"x":-0.044830434024333957,"y":-0.0829414427280426,"z":0.0037334233056753875,"w":-0.9955477118492127},"size":1.6216957569122315,"orthographic":false}