{"cameraMode":{"drawMode":0,"name":"Shaded","section":"Shading Mode"},"sceneLighting":true,"audioPlay":false,"sceneViewState":{"m_AlwaysRefresh":false,"showFog":true,"showSkybox":true,"showFlares":true,"showImageEffects":true,"showParticleSystems":true,"showVisualEffectGraphs":true,"m_FxEnabled":true},"in2DMode":false,"pivot":{"x":765.9683837890625,"y":-763.831298828125,"z":-388.6810302734375},"rotation":{"x":0.0030375863425433637,"y":-0.8978026509284973,"z":0.4403514266014099,"w":0.006193202920258045},"size":1095.3841552734375,"orthographic":false}