{"cameraMode":{"drawMode":0,"name":"Shaded","section":"Shading Mode"},"sceneLighting":true,"audioPlay":false,"sceneViewState":{"m_AlwaysRefresh":false,"showFog":true,"showSkybox":true,"showFlares":true,"showImageEffects":true,"showParticleSystems":true,"showVisualEffectGraphs":true,"m_FxEnabled":true},"in2DMode":false,"pivot":{"x":13.100000381469727,"y":66.16350555419922,"z":58.29999923706055},"rotation":{"x":-0.009678696282207966,"y":0.9880580306053162,"z":-0.13722476363182069,"w":-0.06976712495088577},"size":2.1531214714050295,"orthographic":false}