{"cameraMode":{"drawMode":0,"name":"Shaded","section":"Shading Mode"},"sceneLighting":true,"audioPlay":false,"sceneViewState":{"m_AlwaysRefresh":false,"showFog":true,"showSkybox":true,"showFlares":true,"showImageEffects":true,"showParticleSystems":true,"showVisualEffectGraphs":true,"m_FxEnabled":true},"in2DMode":false,"pivot":{"x":0.35422420501708987,"y":-14.349943161010743,"z":140.3806610107422},"rotation":{"x":0.2618628144264221,"y":-0.33352646231651308,"z":0.09676696360111237,"w":0.9005763530731201},"size":19.556943893432618,"orthographic":false}